# theta0,theta1
0.99416040,0.99705035
