# theta0,theta1
-9876249206161654155998066998719283200.00000000,-1257991357219711117586560951042960152068096.00000000
